"","tweetId","tweetScore","user.Id","followers_count","friends_count","tweet","favorite_count","created_at","state","country"
"1",2632,-3.33333333333333,389587061,94,1929,"The flu shot is a fraud. But it's a fraud that's so deeply embedded in the delusional pro-vaccine culture of the... http://t.co/IgeQCUpZu9",0,"Wed Jan 28 23:54:28 +0000 2015","texas","United States"
"2",731,-3,749568632,293,248,"bogut needs to get a damn flu shot",0,"Wed Jan 28 04:27:44 +0000 2015","california","United States"
"3",1705,-3,37542987,441,655,"I don't fuck wit flu shots",0,"Wed Jan 28 17:35:15 +0000 2015","pennsylvania","United States"
"4",1828,-3,154315753,108,107,"Fuck this flu shot im about to get üíâ  #suchachicken",0,"Wed Jan 28 18:18:37 +0000 2015","california","United States"
"5",1830,-3,300470375,557,128,"me: I don't need the flu shot I rarely get sick
me: fuckity fuck I fucked up",0,"Wed Jan 28 18:19:05 +0000 2015","michigan","United States"
"6",2747,-3,17137971,42347,1097,"JUST IN: Number of people who have died of influenza-related causes in SD shot up to 19. The HHSA: 11 fatalities were reported last week.",0,"Wed Jan 28 19:53:59 +0000 2015","california","United States"
"7",785,-2.75,30396391,4183,3931,"Professional athletes should be required to get the flu shot. You asshole, Bogut. Lost me 4 contests.",0,"Wed Jan 28 04:50:12 +0000 2015","texas","United States"
"8",2358,-2.75,594083261,198,199,"If this flu shot makes me sick im gonna be so pissed #ironic #butreally",0,"Wed Jan 28 22:11:09 +0000 2015","ohio","United States"
"9",976,-2.66666666666667,565849484,46,228,"@_DanielRz_ Kids face says it all. But seriously, pre-tip flu, no 3s after half, no lee in OT, Klay missed a shot.  A lot of WTF going on",0,"Wed Jan 28 06:56:55 +0000 2015","california","United States"
"10",1604,-2.66666666666667,2584638865,62,83,"I know a lot of people say the flu shot is bullshit but this is the first winter I haven't gotten it &amp; I have been sick twice now.",0,"Wed Jan 28 17:03:41 +0000 2015","washington","United States"
"11",6,-2.5,20816085,15719,506,"Did you get your flu shot? Two people in Fresno County have died from the virus. - http://t.co/XV1IC0Q8Bj",0,"Wed Jan 28 00:01:18 +0000 2015","california","United States"
"12",1789,-2.5,18236224,197,289,"@ABC @ABCNewsHealth this is terrible. This is also the reason I don't get the flu shot.",0,"Wed Jan 28 18:06:05 +0000 2015","new jersey","United States"
"13",2036,-2.5,346915526,188,428,"Next year I'm getting a flu shot... Because this sucks man",0,"Wed Jan 28 19:59:32 +0000 2015","california","United States"
"14",517,-2.33333333333333,485308100,179,396,"So I got my #flu shot then immediately after got the worst flu of my life...two weeks misery and two more of yuck. Coincidence?",0,"Wed Jan 28 03:40:43 +0000 2015","california","United States"
"15",540,-2.33333333333333,36468280,94,303,"Hey, how about a flu shot.  I get mine cuz flu sucks! http://t.co/MMuYKOwQNe",0,"Wed Jan 28 03:47:51 +0000 2015","california","United States"
"16",1601,-2.33333333333333,385394323,1143,378,"Girl Dies After Catching the Flu, Even After Getting Vaccine: Kiera Driscoll got a flu shot but‚Ä¶ http://t.co/KrxWdA8IkV #Chicago #News",0,"Wed Jan 28 17:02:17 +0000 2015","illinois","United States"
"17",1623,-2.33333333333333,371748566,9,0,"Girl Dies After Catching the Flu, Even After Getting Vaccine: Kiera Driscoll got a flu shot but caught the vir... http://t.co/nkXbb9qayK",0,"Wed Jan 28 17:10:16 +0000 2015","","United States"
"18",1624,-2.33333333333333,371761925,9,0,"Girl Dies After Catching the Flu, Even After Getting Vaccine: Kiera Driscoll got a flu shot but caught the vir... http://t.co/IgZQUkxcg0",0,"Wed Jan 28 17:10:17 +0000 2015","","United States"
"19",1625,-2.33333333333333,371767500,7,0,"Girl Dies After Catching the Flu, Even After Getting Vaccine: Kiera Driscoll got a flu shot but caught the vir... http://t.co/LecBK0BWCB",0,"Wed Jan 28 17:10:18 +0000 2015","","United States"
"20",1626,-2.33333333333333,371892411,6,0,"Girl Dies After Catching the Flu, Even After Getting Vaccine: Kiera Driscoll got a flu shot but caught the vir... http://t.co/MRuLxl18ho",0,"Wed Jan 28 17:10:21 +0000 2015","","United States"
"21",1627,-2.33333333333333,483399178,19,28,"Girl Dies After Catching the Flu, Even After Getting Vaccine: Kiera Driscoll got a flu shot but caught the vir... http://t.co/TSWa2Sy30u",0,"Wed Jan 28 17:10:22 +0000 2015","","United States"
"22",2618,-2.33333333333333,25649681,549,1057,"How many more have to die from the flu after receiving the flu shot for us to wake up to the fact that this... http://t.co/OYF8biyuez",0,"Wed Jan 28 23:48:00 +0000 2015","new york","United States"
"23",1659,-2.25,306386061,107,41,"Stupid flu... 
Both Liara and I are hating this.
Im never taking a flu shot again.",0,"Wed Jan 28 17:20:42 +0000 2015","ohio","United States"
"24",49,-2,221388541,429,640,"@Mango1531 Flu puts large numbers of elderly and infants in hosp and kills many. Preventing those is a major reason to get the shot.",0,"Wed Jan 28 00:15:55 +0000 2015","new york","United States"
"25",166,-2,420618765,711,494,"guess I should've gotten that flu shot...",0,"Wed Jan 28 01:12:42 +0000 2015","","United States"
"26",172,-2,712951735,153,417,"Just got a flu shot for a stand up üíâüíâüíâ #broadcast #journalist #perfect #numb",0,"Wed Jan 28 01:17:33 +0000 2015","texas","united states"
"27",183,-2,61359815,479,2001,"I never had a flu shot üòÇüòÇüòÇ @TheEllenShow http://t.co/O4p9Ldi9cc",0,"Wed Jan 28 01:20:35 +0000 2015","pennsylvania","united states"
"28",237,-2,2379194707,185,166,"@danaotr @sidnew47 my Dad is allergic to eggs and can't get Flu shots",0,"Wed Jan 28 01:51:16 +0000 2015","louisiana","United States"
"29",286,-2,16207688,711,692,"Get a flu shot, kids.",0,"Wed Jan 28 02:10:46 +0000 2015","kentucky","United States"
"30",338,-2,2998451675,44,54,"You probably shouldn't get your flu shot",0,"Wed Jan 28 02:36:59 +0000 2015","pennsylvania","United States"
"31",522,-2,83057554,2081,2286,"@nickydcooks I am good. Getting over a cold. I know, sick twice in 3 weeks, even WITH having gotten a flu shot a couple of months ago. Ugg",0,"Wed Jan 28 03:42:14 +0000 2015","california","United States"
"32",558,-2,190003062,3439,298,"Do yall get flu shots? I never have. Should I?",0,"Wed Jan 28 03:57:18 +0000 2015","washington","United States"
"33",576,-2,18444618,220,473,"Do athletes ever get flu shots?",0,"Wed Jan 28 03:59:56 +0000 2015","california","United States"
"34",663,-2,74843643,135,374,"@CatPurtill I'd let you give me my flu shot any day",0,"Wed Jan 28 04:07:06 +0000 2015","new york","United States"
"35",666,-2,23802723,3077,1102,"Thompson has missed his last three shots. Maybe he‚Äôs got the flu too.",0,"Wed Jan 28 04:07:18 +0000 2015","california","United States"
"36",699,-2,218981783,593,1544,"http://t.co/vhY12FYx6l 65% efficacy for vaccinated without previous flu shots within 5 years? So interesting.",0,"Wed Jan 28 04:14:23 +0000 2015","california","United States"
"37",796,-2,16812696,5267,560,"#FluFighter #YouTube Mike Samet, HCPH PIO, gets a Flu Shot&gt;&gt; Quickly and Painlessly! Get Yours Today! http://t.co/30R2E9UKx0",0,"Wed Jan 28 04:55:14 +0000 2015","ohio","United States"
"38",805,-2,73654065,1860,1961,"CDC caught inflating flu deaths to sell more vaccs. http://t.co/XcrQSUhtTT   http://t.co/zXEyOmZ0cK  Flu shot hoax   http://t.co/jyZJR1c9jA",0,"Wed Jan 28 05:00:12 +0000 2015","pennsylvania","United States"
"39",806,-2,547882459,668,203,"Suitemate has the flu and I never got a flu shot üòäüòäüòäüòäüòäüòä",0,"Wed Jan 28 05:01:26 +0000 2015","tennessee","United States"
"40",816,-2,23386530,5426,5969,"@tmwinsett @mylifeasprose @larrywilmore @nightlyshow Right?? I gotta think of better ones. I asked him if he had the flu shot.#KeepIt100",0,"Wed Jan 28 05:05:09 +0000 2015","pennsylvania","United States"
"41",856,-2,21165298,780,475,"@boltonnut Oh man poor guy! Well I don't get flu shot anyways, and they may do it differen now.",0,"Wed Jan 28 05:25:30 +0000 2015","florida","United States"
"42",861,-2,153692738,1103,3,"10 REASONS WHY FLU SHOTS ARE MORE DANGEROUS THAN A FLU... http://t.co/R6gMZKC1XL",0,"Wed Jan 28 05:27:42 +0000 2015","new york","United States"
"43",867,-2,21986719,362,1988,"10 REASONS WHY FLU SHOTS ARE MORE DANGEROUS THAN A FLU | World http://t.co/5jZTjZw7mM http://t.co/3mbxfwcQPg",0,"Wed Jan 28 05:34:23 +0000 2015","indiana","United States"
"44",894,-2,28152875,33,50,"@ThompsonScribe mental error. I think he has the flu. His shot is way off.He is not thinking right",0,"Wed Jan 28 05:51:00 +0000 2015","california","United States"
"45",933,-2,437216421,54,297,"I didn't get my flu shot and now I'm sure I'm getting sick but hey at least I didn't contract autism right guys? #OneBoldChoice",0,"Wed Jan 28 06:23:57 +0000 2015","michigan","united states"
"46",960,-2,601688662,101,449,"10 REASONS WHY FLU SHOTS ARE MORE DANGEROUS THAN A FLU | World http://t.co/CosOoufulZ http://t.co/746vXzFlX9",0,"Wed Jan 28 06:41:50 +0000 2015","texas","United States"
"47",1021,-2,407374102,283,179,"@SeherzadaR when I see numbers and facts then I'd start thinking about it more only shot adna didn't get is the flu shot",0,"Wed Jan 28 07:38:42 +0000 2015","illinois","United States"
"48",1022,-2,407374102,283,179,"@SeherzadaR because my doctor told me this year 60% of people who got the flu shot still got the flu",0,"Wed Jan 28 07:39:56 +0000 2015","illinois","United States"
"49",1028,-2,1535005748,62,85,"@kuhtreen_ did they give you a flu shot?",0,"Wed Jan 28 07:44:32 +0000 2015","washington","United States"
"50",1241,-2,20828188,6525,5468,"Did your #asthma sufferer get a flu shot? There's still time! Check out our #FightFlu Real Talk for more info! #ad http://t.co/tbf23oLhd8",0,"Wed Jan 28 12:51:49 +0000 2015","district of columbia","United States"
"51",1248,-2,24428962,405,618,"Explained flu shot to a kid &amp; somehow she now thinks flu means you have worms. #fail #tooearly",0,"Wed Jan 28 12:59:55 +0000 2015","south carolina","United States"
"52",1297,-2,14617549,2149,1011,"@friedrichsgroup wife &amp; kiddo both got flu. Wife was real sick. I got shot &amp; didn't get sick üëç But, that's made me the caretaker each time!",0,"Wed Jan 28 14:26:00 +0000 2015","pennsylvania","United States"
"53",1300,-2,525737003,966,1656,"@Dr_Berglund whoa Dr b. This is crazy... So this means the flu vaccine does nothing for us if we get the shot? Or means thy hve no proof?",0,"Wed Jan 28 14:28:25 +0000 2015","ohio","United States"
"54",1312,-2,93699675,115,55,"Flu shot should mean you don't catch the flu?  Not so much.",0,"Wed Jan 28 14:36:05 +0000 2015","massachusetts","United States"
"55",1325,-2,366775932,494,205,"Don't let the flu happen to you! Call the Wellness Center to schedule a flu shot, or if you think you have the flu. http://t.co/ZHv4zzLoRq",0,"Wed Jan 28 14:47:21 +0000 2015","new jersey","United States"
"56",1391,-2,310521334,1011,767,"@SavasaurusRexx @WeNotSocks the flu shot does nothing. Too many different strains of it. You can get the flu shot &amp; still catch the flu.",0,"Wed Jan 28 15:13:16 +0000 2015","california","United States"
"57",1394,-2,153692738,1105,3,"10 REASONS WHY FLU SHOTS ARE MORE DANGEROUS THAN A FLU | World http://t.co/381OOCorl7 http://t.co/HWPSv9H6w4",0,"Wed Jan 28 15:15:17 +0000 2015","new york","United States"
"58",1419,-2,7171412,2489,1847,"FLU SHOT: I make no secret that I consider the annual flu shots a cash cow for the pharma groups complete with a... http://t.co/TeKMNjKBN4",0,"Wed Jan 28 15:29:13 +0000 2015","","United States"
"59",1468,-2,247781332,1451,1872,"What You Need To Know About The Flu Epidemic #flushot #employeehealth ¬´ @GiftCardPartner Blog http://t.co/FqFruCEcAe",0,"Wed Jan 28 16:05:30 +0000 2015","massachusetts","United States"
"60",1513,-2,792302694,2613,1946,"WSIL-TV: CORRECTION: Crossroads Community Hospital Flu Shot Clinic is tomorrow, Jan. 29th. http://t.co/zj9OGq48UL",0,"Wed Jan 28 16:24:09 +0000 2015","illinois","United States"
"61",1585,-2,20592308,2250,846,"Fewer flu hospitalization, yet its still important to get your flu shot if you haven't! #stayhealthy http://t.co/5PVsnQvE14",0,"Wed Jan 28 16:55:50 +0000 2015","iowa","United States"
"62",1594,-2,250026115,2673,1670,"Getting the flu shot. Finally.",0,"Wed Jan 28 17:00:11 +0000 2015","virginia","United States"
"63",1696,-2,36695510,845,347,"It is still not too late to get your flu shot! #preventativecare #flu http://t.co/dDbkJvp5KQ http://t.co/eNYm70hFht",0,"Wed Jan 28 17:33:15 +0000 2015","massachusetts","United States"
"64",1720,-2,1465345202,40,103,"@boltonnut @tigrayrocks As ineffective as the flu shot was this year, it's better than the flu.",0,"Wed Jan 28 17:39:00 +0000 2015","minnesota","United States"
"65",1723,-2,147427253,336,1346,"Ready for this mini flu to be gone, for now... SHOTS! http://t.co/uHxEaGYfmv",0,"Wed Jan 28 17:39:34 +0000 2015","california","United States"
"66",1769,-2,165625617,704,615,"I never got the flu shot before and never had the flu. I'm about to be ruinedüò£",0,"Wed Jan 28 17:57:37 +0000 2015","pennsylvania","United States"
"67",1775,-2,219841412,386,332,"Come on flu shot don't fail me nowüò∑",0,"Wed Jan 28 18:01:07 +0000 2015","california","United States"
"68",1870,-2,82814353,12289,13338,"As you read through this, remember that they said:
""Kiera got the flu shot"" and her cause of death it states was... http://t.co/B9P9Oz7wMP",0,"Wed Jan 28 18:40:12 +0000 2015","california","United States"
"69",1881,-2,22572694,378,368,"Thanks for nothing flu shot. üòí",0,"Wed Jan 28 18:45:54 +0000 2015","","United States"
"70",1910,-2,836246100,503,714,"@holleynicolee I got a flu shot and I'm still dying, type a and b #killmepls",0,"Wed Jan 28 18:59:57 +0000 2015","texas","United States"
"71",1928,-2,16197726,71215,645,"Just got a B12 shot in my butt as a last resort to kick this flu. COME ON.",0,"Wed Jan 28 19:04:18 +0000 2015","california","United States"
"72",1959,-2,46011373,929,833,"Peak flu season is here - should you skip your flu shot or get one before February? http://t.co/NohSmS74zi",0,"Wed Jan 28 19:19:16 +0000 2015","massachusetts","United States"
"73",1999,-2,583831389,615,1018,"@MassDeception1 @Jeff257 I usually catch the flu every year I skip the shot.",0,"Wed Jan 28 19:43:31 +0000 2015","florida","United States"
"74",2009,-2,17200375,33764,190,"Flu deaths ahead of last year‚Äôs pace. It's not too late to get a flu shot. http://t.co/8qE5wyG1IR",0,"Wed Jan 28 19:46:07 +0000 2015","california","United States"
"75",2182,-2,374535316,2004,787,"It has been a rough flu season. That's why it's so important for #seniors to get a #flu shot. Learn more from @FluGov http://t.co/wvI5h7Mg5c",0,"Wed Jan 28 20:55:10 +0000 2015","district of columbia","United States"
"76",2209,-2,465782542,545,1999,"The Flu Shot Is A Hoax-JUST READ THE INSERT &amp; LABELS http://t.co/fZVKIvVLWa via @wordpressdotcom",0,"Wed Jan 28 21:06:20 +0000 2015","iowa","United States"
"77",2327,-2,898550862,309,278,"I swear the flu shot doesn't work",0,"Wed Jan 28 21:55:56 +0000 2015","","United States"
"78",2332,-2,81777336,8,54,"Flu shot - ‚úÖ  Miss draw on right arm - ‚úÖ blahhh",0,"Wed Jan 28 21:59:24 +0000 2015","texas","United States"
"79",2398,-2,15413409,2702,770,"I can only assume that going to Kaiser to get flu and Tdap shots has given me the measles. That‚Äôs how disease works, right?",0,"Wed Jan 28 22:25:03 +0000 2015","oregon","United States"
"80",2402,-2,15235948,259524,54387,"FLU SHOTS! #ThingsToRunFrom",0,"Wed Jan 28 22:26:22 +0000 2015","florida","United States"
"81",2410,-2,473332649,38,90,"Bogut seriously needs to get a flu shot. At least 3x being out with flu-like symptoms",0,"Wed Jan 28 22:29:36 +0000 2015","california","United States"
"82",2414,-2,70230326,2387,1105,"Flu season is here! Get your flu shot at @MedSpring! #healthyRNBA",0,"Wed Jan 28 22:30:53 +0000 2015","illinois","United States"
"83",2430,-2,473332649,38,90,"@gswstats @warriors Get a flu shot!",0,"Wed Jan 28 22:35:41 +0000 2015","california","United States"
"84",2455,-2,17064545,885,827,"@ShelaghBecerra @yayayarndiva I dont always do flu shots. Depends on my life circumstances.",0,"Wed Jan 28 22:40:58 +0000 2015","north carolina","United States"
"85",2479,-2,24183598,4886,1010,"Is the flu shot or flu mist better for pregnant women? What about thimerosal? Find out here: http://t.co/XftpV9uc4P",0,"Wed Jan 28 22:50:22 +0000 2015","texas","United States"
"86",2533,-2,59582758,176,193,"Me: *moves to the city* *gets flu and goes home* *doesn't attend any classes the first week of school* #getyourflushotsguys",0,"Wed Jan 28 23:12:24 +0000 2015","new york","United States"
"87",2586,-2,702198426,337,318,"@Nyyrangers11 @gaaabyyxoxo the doctor said a lot of people who got the flu shot are still getting the flu üò∂",0,"Wed Jan 28 23:34:36 +0000 2015","new jersey","United States"
"88",2603,-2,248428780,18,54,"10 REASONS WHY FLU SHOTS ARE MORE DANGEROUS THAN A FLU | World http://t.co/GDRsLMaAcA http://t.co/S2X8Eox66b",0,"Wed Jan 28 23:43:20 +0000 2015","pennsylvania","United States"
"89",2629,-2,153692738,1108,3,"10 REASONS WHY FLU SHOTS ARE MORE DANGEROUS THAN A FLU | World http://t.co/381OOCorl7 http://t.co/IERH4FHP9E",0,"Wed Jan 28 23:53:24 +0000 2015","new york","United States"
"90",2630,-2,2735818551,379,727,"@NBrookThomas @AustinKellerman WITH OT WITHOUT THE FLU SHOT? Why is that always left out?",0,"Wed Jan 28 23:53:24 +0000 2015","arkansas","United States"
"91",1193,-1.75,26604618,167,88,"Flu shot hoax: ""No controlled trials demonstrating a decrease in flu"" - http://t.co/duvyCKBHp3 http://t.co/QMngX4gb8l via @HealthRanger",0,"Wed Jan 28 12:04:21 +0000 2015","pennsylvania","United States"
"92",1363,-1.75,281768552,698,101,"Stop by the flu clinic today! You still are susceptible to the flu virus if you haven't had your flu shot! -... http://t.co/SfvZlPvNBH",0,"Wed Jan 28 15:02:49 +0000 2015","new york","United States"
"93",93,-1.66666666666667,865242169,198630,13098,"Flu shot hoax admitted: http://t.co/IrYsNXFkE6",0,"Wed Jan 28 00:39:08 +0000 2015","florida","United States"
"94",527,-1.66666666666667,20828188,6527,5468,"Real Talk on Preventing the Flu: Did You Get Your Flu Shot? http://t.co/r4eYhzkcJU",0,"Wed Jan 28 03:42:56 +0000 2015","district of columbia","United States"
"95",555,-1.66666666666667,20828188,6527,5468,"Real Talk on Preventing the Flu: Did You Get Your Flu Shot? http://t.co/QfRnIaY7Ot on @bloglovin",0,"Wed Jan 28 03:55:52 +0000 2015","district of columbia","United States"
"96",709,-1.66666666666667,39504072,13,5,"Flu shot hoax admitted: http://t.co/x6lYWLw6yB",0,"Wed Jan 28 04:19:59 +0000 2015","wisconsin","United States"
"97",741,-1.66666666666667,900911324,362,265,"So my parents force me to get a flu shot then I get sick the next day this is there fault",0,"Wed Jan 28 04:29:51 +0000 2015","new york","United States"
"98",977,-1.66666666666667,60863039,400,187,"Flu shot hoax admitted: http://t.co/bRcWuaBGaW",0,"Wed Jan 28 06:57:15 +0000 2015","california","United States"
"99",1044,-1.66666666666667,485628566,957,10,"#SanFrancisco  http://t.co/1UGMMLtB39 Question: Do you get a flu shot?",0,"Wed Jan 28 08:00:01 +0000 2015","texas","United States"
"100",1348,-1.66666666666667,366189868,702,665,"Flu shot hoax ""No controlled trials demonstrating a decrease in influenza"" - http://t.co/0niqejlT1O http://t.co/zkFhUWAmPz via @HealthRanger",0,"Wed Jan 28 14:55:55 +0000 2015","kentucky","United States"
"101",1535,-1.66666666666667,91633116,369,887,"Flu shot hoax admitted: http://t.co/IoGwhR6nB0",0,"Wed Jan 28 16:32:48 +0000 2015","louisiana","united states"
"102",1549,-1.66666666666667,33825231,1134,25,"Flu shot hoax admitted:  http://t.co/RayOBSGGMR via @sharethis",0,"Wed Jan 28 16:38:29 +0000 2015","nevada","United States"
"103",1636,-1.66666666666667,94189048,20,52,"Flu shot hoax admitted: http://t.co/wImCpbHKMk",0,"Wed Jan 28 17:11:30 +0000 2015","tennessee","United States"
"104",1668,-1.66666666666667,319993511,297,348,"Flu shot hoax admitted: http://t.co/xj0NzMowjS",0,"Wed Jan 28 17:23:06 +0000 2015","oregon","United States"
"105",1739,-1.66666666666667,23915440,295,527,"Flu shot hoax admitted: http://t.co/gpOw6H6vxH",0,"Wed Jan 28 17:44:57 +0000 2015","north carolina","united states"
"106",1940,-1.66666666666667,29009260,1088,1111,"Flu Shot Hoax Admitted: ""No Controlled Trials"" | Alternative http://t.co/1rPF20YqKV",0,"Wed Jan 28 19:07:32 +0000 2015","","United States"
"107",2224,-1.66666666666667,586099770,83,994,"Flu shot hoax admitted: http://t.co/zYh8gC1fDf",0,"Wed Jan 28 21:12:44 +0000 2015","north carolina","United States"
"108",2699,-1.66666666666667,366189868,702,665,"Flu shot hoax ""No controlled trials demonstrating a decrease in influenza"" - http://t.co/0niqejlT1O http://t.co/zkFhUWAmPz via @HealthRanger",0,"Wed Jan 28 14:55:55 +0000 2015","kentucky","United States"
"109",1360,-1.6,35016321,13472,13322,"Flu shot hoax admitted: ""No controlled trials demonstrating a decrease in influenza"" (Do NOT get any more flu shots!) http://t.co/1KedHdVC5E",0,"Wed Jan 28 15:01:19 +0000 2015","california","United States"
"110",2178,-1.6,606663661,5855,5908,"Flu shot hoax admitted No controlled trials demonstrating a decrease in influenza http://t.co/FpPyOMi2S6 I Never do flu shots don't turst em",0,"Wed Jan 28 20:53:50 +0000 2015","kentucky","united states"
"111",2700,-1.6,35016321,13472,13322,"Flu shot hoax admitted: ""No controlled trials demonstrating a decrease in influenza"" (Do NOT get any more flu shots!) http://t.co/1KedHdVC5E",0,"Wed Jan 28 15:01:19 +0000 2015","california","United States"
"112",2750,-1.6,606663661,5855,5908,"Flu shot hoax admitted No controlled trials demonstrating a decrease in influenza http://t.co/FpPyOMi2S6 I Never do flu shots don't turst em",0,"Wed Jan 28 20:53:50 +0000 2015","kentucky","united states"
"113",95,-1.5,865242169,198631,13098,"Flu shot hoax admitted: ""No controlled trials demonstrating a decrease in influenza"" - http://t.co/b8tuPxJUOh -... http://t.co/aOUwWV9DJ7",0,"Wed Jan 28 00:40:24 +0000 2015","florida","United States"
"114",130,-1.5,128641320,3667,958,"Flu shot hoax admitted: ‚ÄúNo controlled trials demonstrating a decrease in influenza‚Äù http://t.co/XkFAitmp38 #News http://t.co/3y8F1v1dmj",0,"Wed Jan 28 00:59:35 +0000 2015","new york","United States"
"115",229,-1.5,265187672,258,688,"Flu shot hoax admitted: ""No controlled trials demonstrating a decrease in influenza"" - NaturalNews http://t.co/u1itAnci9K via @HealthRanger",0,"Wed Jan 28 01:45:37 +0000 2015","utah","United States"
"116",232,-1.5,38021037,5370,4444,"Flu shot hoax admitted: ""No controlled trials demonstrating a decrease in influenza"" http://t.co/5e9ntzVcSp",0,"Wed Jan 28 01:49:10 +0000 2015","north carolina","United States"
"117",658,-1.5,35215239,1626,1028,"Got a flu shot for the first time in my life today &amp; my arm is so sore.. If it wasn't for L I wouldn't have got it..",0,"Wed Jan 28 04:05:57 +0000 2015","michigan","United States"
"118",664,-1.5,38611411,213,177,"Forcing Natalie to get a flu shot üíâüíâ",0,"Wed Jan 28 04:07:12 +0000 2015","california","United States"
"119",1071,-1.5,115221745,1372,1932,"Flu shot hoax admitted: ""No controlled trials demonstrating a decrease in influenza"" http://t.co/ujJTqrog3f",0,"Wed Jan 28 08:26:04 +0000 2015","texas","United States"
"120",1124,-1.5,17833758,10382,5692,"Flu shot hoax admitted: ""No controlled trials demonstrating a decrease in influenza"" - http://t.co/78unyIuhSv http://t.co/tDJizBWogT",0,"Wed Jan 28 10:00:26 +0000 2015","massachusetts","United States"
"121",1139,-1.5,20639494,2583,2066,"Flu shot hoax admitted: ""No controlled trials demonstrating a decrease in influenza""
Learn more: http://t.co/fBaUL6J4QE",0,"Wed Jan 28 10:28:29 +0000 2015","florida","United States"
"122",1148,-1.5,62147616,1346,1994,"@janamurray Flu shot hoax admitted: ""No controlled trials demonstrating a decrease in influenza""  http://t.co/jJlVnrLwzZ @Libertypoet",0,"Wed Jan 28 10:53:27 +0000 2015","","United States"
"123",1194,-1.5,447085006,621,305,"Flu shot hoax admitted: ""No controlled trials demonstrating a decrease in influenza"" - http://t.co/J9NCuacUKa http://t.co/zmOPEkuqXB",0,"Wed Jan 28 12:06:17 +0000 2015","new york","United States"
"124",1235,-1.5,17147215,1062,1488,"Flu shot hoax admitted: ""No controlled trials demonstrating a decrease in influenza"" - http://t.co/fDaF4ZWhzT via @HealthRanger",0,"Wed Jan 28 12:44:24 +0000 2015","ohio","United States"
"125",1244,-1.5,14913547,7340,7086,"Flu shot hoax admitted: ""No controlled trials demonstrating a decrease in influenza"" - http://t.co/lYyzQjlRWS #tcot",0,"Wed Jan 28 12:55:43 +0000 2015","pennsylvania","United States"
"126",1370,-1.5,310521334,1011,767,"@WeNotSocks only anti flu shot.",0,"Wed Jan 28 15:05:26 +0000 2015","california","United States"
"127",1403,-1.5,375411208,156,307,"If you read the insert on the flu shot packaging, it says, ""No controlled trials demonstrating a decrease in... http://t.co/JSEG8t4ZBS",0,"Wed Jan 28 15:22:03 +0000 2015","texas","United States"
"128",1412,-1.5,73654065,1861,1962,"Flu shot hoax admitted: ""No controlled trials demonstrating a decrease in influenza"" - NaturalNews. http://t.co/WYWNu19b3L via @HealthRanger",0,"Wed Jan 28 15:27:31 +0000 2015","pennsylvania","United States"
"129",1425,-1.5,83889785,1733,1025,"#CDCwhistleblower Flu shot hoax admitted: ""No controlled trials demonstrating a decrease in influenza"" http://t.co/ylbulNEYEM
#vaccines",0,"Wed Jan 28 15:35:27 +0000 2015","alaska","United States"
"130",1428,-1.5,20939186,290,441,"Flu shot hoax admitted: ""No controlled trials demonstrating a decrease in influenza"" - NaturalNews http://t.co/VhexIVNtEg via @HealthRanger",0,"Wed Jan 28 15:37:32 +0000 2015","idaho","United States"
"131",1458,-1.5,82407830,978,44,"Flu shot hoax admitted: ""No controlled trials demonstrating a decrease in influenza""  http://t.co/ZkAXsf9ppc @HealthRanger",0,"Wed Jan 28 15:56:37 +0000 2015","florida","united states"
"132",1558,-1.5,15282825,110,76,"Flu shot hoax admitted: ""No controlled trials demonstrating a decrease in influenza""  http://t.co/OZXunVr58b   Mary Mays",0,"Wed Jan 28 16:40:47 +0000 2015","california","United States"
"133",1570,-1.5,419899970,1138,1972,"Flu shot hoax admitted: ""No controlled trials demonstrating a decrease in influenza"" - http://t.co/56GLkiQSiG http://t.co/xljxMgZM0W",0,"Wed Jan 28 16:47:34 +0000 2015","arizona","united states"
"134",1584,-1.5,15467680,4056,3800,"Flu shot hoax admitted: ""NO controlled trials demonstrating a decrease in influenza"" - http://t.co/2GMLKL2LWX http://t.co/BCMi82Xoov via",0,"Wed Jan 28 16:55:19 +0000 2015","oregon","United States"
"135",1634,-1.5,525799608,152,341,"Flu shot hoax admitted: ""No controlled trials demonstrating a decrease in influenza"" - http://t.co/m2NcTqZPMs http://t.co/OP3rqGN14d",0,"Wed Jan 28 17:11:02 +0000 2015","texas","United States"
"136",1754,-1.5,28534205,5855,5735,"Flu shot hoax admitted: ""No controlled trials demonstrating a decrease in influenza"" http://t.co/HpflcNOOVd TOLD YA SO",0,"Wed Jan 28 17:50:10 +0000 2015","pennsylvania","United States"
"137",1756,-1.5,273595457,5026,4995,"Flu Shot Hoax Admitted: ‚ÄúNo Controlled Trials Demonstrating a Decrease in Influenza‚Äù http://t.co/mk3bsOIrb4",0,"Wed Jan 28 17:51:40 +0000 2015","north carolina","United States"
"138",1767,-1.5,90668923,203,302,"Flu shot hoax admitted: ""No controlled trials demonstrating a decrease in influenza"" - http://t.co/JNuoZtcoUX  *Peeps...make better choice!!",0,"Wed Jan 28 17:57:24 +0000 2015","florida","United States"
"139",1837,-1.5,17324110,418,285,"Flu Shot Hoax Admitted: ‚ÄúNo Controlled Trials Demonstrating a Decrease in¬†Influenza‚Äù http://t.co/DZr5fDN4VW",0,"Wed Jan 28 18:22:05 +0000 2015","new york","United States"
"140",1839,-1.5,15108918,1494,885,"Flu shot hoax admitted: ""No controlled trials demonstrating a decrease in influenza"" -... https://t.co/ZEPLRvX0Ry",0,"Wed Jan 28 18:23:17 +0000 2015","","United States"
"141",1947,-1.5,153692738,1106,3,"Flu Shot Hoax Admitted: ‚ÄúNo Controlled Trials Demonstrating a Decrease in Influenza‚Äù http://t.co/jr8674mbqo",0,"Wed Jan 28 19:12:14 +0000 2015","new york","United States"
"142",1989,-1.5,84911639,728,1389,"Flu shot hoax admitted: ""No controlled trials demonstrating a decrease in influenza"" http://t.co/8hpZ3Mrcs4 via @HealthRanger",0,"Wed Jan 28 19:34:47 +0000 2015","kentucky","united states"
"143",2180,-1.5,465782542,545,1999,"Flu Shot Hoax Admitted: ‚ÄúNO Controlled Trials Demonstrating A Decrease In Influenza‚Äù   

By Mike Adams - Jan 28,... http://t.co/2D7NYd16a4",0,"Wed Jan 28 20:54:53 +0000 2015","iowa","United States"
"144",2204,-1.5,465782542,545,1999,"Photoset: Flu Shot Hoax Admitted: ‚ÄúNO Controlled Trials Demonstrating A Decrease In Influenza‚Äù By Mike... http://t.co/wPHK4nAemU",0,"Wed Jan 28 21:03:44 +0000 2015","iowa","United States"
"145",2214,-1.5,465782542,545,1999,"Flu shot hoax admitted: ‚ÄúNo controlled trials demonstrating a decrease in influenza‚Äù https://t.co/lXNVbKSEl2",0,"Wed Jan 28 21:07:51 +0000 2015","iowa","United States"
"146",2463,-1.5,449077766,31364,31273,"Flu shot hoax admitted: ‚ÄúNo controlled trials demonstrating a decrease in influenza‚Äù http://t.co/XpaeEDJfmk",0,"Wed Jan 28 22:43:56 +0000 2015","new york","United States"
"147",2622,-1.5,14893297,4187,4594,"Flu shot hoax admitted: ""No controlled trials demonstrating a decrease in influenza""  http://t.co/p4ZdFJq8RY #nws #health #medicine #USA #p2",0,"Wed Jan 28 23:50:17 +0000 2015","","United States"
"148",2628,-1.5,389587061,94,1929,"Flu shot hoax admitted: ""No controlled trials demonstrating a decrease in influenza"" -  http://t.co/FVJEMyaquG via @HealthRanger",0,"Wed Jan 28 23:53:23 +0000 2015","texas","United States"
"149",2659,-1.5,865242169,198631,13098,"Flu shot hoax admitted: ""No controlled trials demonstrating a decrease in influenza"" - http://t.co/b8tuPxJUOh -... http://t.co/aOUwWV9DJ7",0,"Wed Jan 28 00:40:24 +0000 2015","florida","United States"
"150",2661,-1.5,128641320,3667,958,"Flu shot hoax admitted: ‚ÄúNo controlled trials demonstrating a decrease in influenza‚Äù http://t.co/XkFAitmp38 #News http://t.co/3y8F1v1dmj",0,"Wed Jan 28 00:59:35 +0000 2015","new york","United States"
"151",2664,-1.5,265187672,258,688,"Flu shot hoax admitted: ""No controlled trials demonstrating a decrease in influenza"" - NaturalNews http://t.co/u1itAnci9K via @HealthRanger",0,"Wed Jan 28 01:45:37 +0000 2015","utah","United States"
"152",2666,-1.5,38021037,5370,4444,"Flu shot hoax admitted: ""No controlled trials demonstrating a decrease in influenza"" http://t.co/5e9ntzVcSp",0,"Wed Jan 28 01:49:10 +0000 2015","north carolina","United States"
"153",2685,-1.5,115221745,1372,1932,"Flu shot hoax admitted: ""No controlled trials demonstrating a decrease in influenza"" http://t.co/ujJTqrog3f",0,"Wed Jan 28 08:26:04 +0000 2015","texas","United States"
"154",2686,-1.5,17833758,10382,5692,"Flu shot hoax admitted: ""No controlled trials demonstrating a decrease in influenza"" - http://t.co/78unyIuhSv http://t.co/tDJizBWogT",0,"Wed Jan 28 10:00:26 +0000 2015","massachusetts","United States"
"155",2687,-1.5,20639494,2583,2066,"Flu shot hoax admitted: ""No controlled trials demonstrating a decrease in influenza""
Learn more: http://t.co/fBaUL6J4QE",0,"Wed Jan 28 10:28:29 +0000 2015","florida","United States"
"156",2689,-1.5,62147616,1346,1994,"@janamurray Flu shot hoax admitted: ""No controlled trials demonstrating a decrease in influenza""  http://t.co/jJlVnrLwzZ @Libertypoet",0,"Wed Jan 28 10:53:27 +0000 2015","","United States"
"157",2693,-1.5,447085006,621,305,"Flu shot hoax admitted: ""No controlled trials demonstrating a decrease in influenza"" - http://t.co/J9NCuacUKa http://t.co/zmOPEkuqXB",0,"Wed Jan 28 12:06:17 +0000 2015","new york","United States"
"158",2694,-1.5,17147215,1062,1488,"Flu shot hoax admitted: ""No controlled trials demonstrating a decrease in influenza"" - http://t.co/fDaF4ZWhzT via @HealthRanger",0,"Wed Jan 28 12:44:24 +0000 2015","ohio","United States"
"159",2695,-1.5,14913547,7340,7086,"Flu shot hoax admitted: ""No controlled trials demonstrating a decrease in influenza"" - http://t.co/lYyzQjlRWS #tcot",0,"Wed Jan 28 12:55:43 +0000 2015","pennsylvania","United States"
"160",2704,-1.5,73654065,1861,1962,"Flu shot hoax admitted: ""No controlled trials demonstrating a decrease in influenza"" - NaturalNews. http://t.co/WYWNu19b3L via @HealthRanger",0,"Wed Jan 28 15:27:31 +0000 2015","pennsylvania","United States"
"161",2705,-1.5,83889785,1733,1025,"#CDCwhistleblower Flu shot hoax admitted: ""No controlled trials demonstrating a decrease in influenza"" http://t.co/ylbulNEYEM
#vaccines",0,"Wed Jan 28 15:35:27 +0000 2015","alaska","United States"
"162",2707,-1.5,20939186,290,441,"Flu shot hoax admitted: ""No controlled trials demonstrating a decrease in influenza"" - NaturalNews http://t.co/VhexIVNtEg via @HealthRanger",0,"Wed Jan 28 15:37:32 +0000 2015","idaho","United States"
"163",2709,-1.5,82407830,978,44,"Flu shot hoax admitted: ""No controlled trials demonstrating a decrease in influenza""  http://t.co/ZkAXsf9ppc @HealthRanger",0,"Wed Jan 28 15:56:37 +0000 2015","florida","united states"
"164",2718,-1.5,15282825,110,76,"Flu shot hoax admitted: ""No controlled trials demonstrating a decrease in influenza""  http://t.co/OZXunVr58b   Mary Mays",0,"Wed Jan 28 16:40:47 +0000 2015","california","United States"
"165",2719,-1.5,419899970,1138,1972,"Flu shot hoax admitted: ""No controlled trials demonstrating a decrease in influenza"" - http://t.co/56GLkiQSiG http://t.co/xljxMgZM0W",0,"Wed Jan 28 16:47:34 +0000 2015","arizona","united states"
"166",2721,-1.5,15467680,4056,3800,"Flu shot hoax admitted: ""NO controlled trials demonstrating a decrease in influenza"" - http://t.co/2GMLKL2LWX http://t.co/BCMi82Xoov via",0,"Wed Jan 28 16:55:19 +0000 2015","oregon","United States"
"167",2725,-1.5,525799608,152,341,"Flu shot hoax admitted: ""No controlled trials demonstrating a decrease in influenza"" - http://t.co/m2NcTqZPMs http://t.co/OP3rqGN14d",0,"Wed Jan 28 17:11:02 +0000 2015","texas","United States"
"168",2727,-1.5,67490951,121,3,"This year‚Äôs #flu is one of the worst we‚Äôve seen, so read up on the dreaded influenza virus and stay healthy. http://t.co/J6D8RIjWbD #FluShot",0,"Wed Jan 28 17:15:42 +0000 2015","california","United States"
"169",2730,-1.5,28534205,5855,5735,"Flu shot hoax admitted: ""No controlled trials demonstrating a decrease in influenza"" http://t.co/HpflcNOOVd TOLD YA SO",0,"Wed Jan 28 17:50:10 +0000 2015","pennsylvania","United States"
"170",2731,-1.5,273595457,5026,4995,"Flu Shot Hoax Admitted: ‚ÄúNo Controlled Trials Demonstrating a Decrease in Influenza‚Äù http://t.co/mk3bsOIrb4",0,"Wed Jan 28 17:51:40 +0000 2015","north carolina","United States"
"171",2732,-1.5,90668923,203,302,"Flu shot hoax admitted: ""No controlled trials demonstrating a decrease in influenza"" - http://t.co/JNuoZtcoUX  *Peeps...make better choice!!",0,"Wed Jan 28 17:57:24 +0000 2015","florida","United States"
"172",2738,-1.5,17324110,418,285,"Flu Shot Hoax Admitted: ‚ÄúNo Controlled Trials Demonstrating a Decrease in¬†Influenza‚Äù http://t.co/DZr5fDN4VW",0,"Wed Jan 28 18:22:05 +0000 2015","new york","United States"
"173",2739,-1.5,15108918,1494,885,"Flu shot hoax admitted: ""No controlled trials demonstrating a decrease in influenza"" -... https://t.co/ZEPLRvX0Ry",0,"Wed Jan 28 18:23:17 +0000 2015","","United States"
"174",2744,-1.5,153692738,1106,3,"Flu Shot Hoax Admitted: ‚ÄúNo Controlled Trials Demonstrating a Decrease in Influenza‚Äù http://t.co/jr8674mbqo",0,"Wed Jan 28 19:12:14 +0000 2015","new york","United States"
"175",2745,-1.5,84911639,728,1389,"Flu shot hoax admitted: ""No controlled trials demonstrating a decrease in influenza"" http://t.co/8hpZ3Mrcs4 via @HealthRanger",0,"Wed Jan 28 19:34:47 +0000 2015","kentucky","united states"
"176",2751,-1.5,465782542,545,1999,"Flu Shot Hoax Admitted: ‚ÄúNO Controlled Trials Demonstrating A Decrease In Influenza‚Äù   

By Mike Adams - Jan 28,... http://t.co/2D7NYd16a4",0,"Wed Jan 28 20:54:53 +0000 2015","iowa","United States"
"177",2752,-1.5,465782542,545,1999,"Photoset: Flu Shot Hoax Admitted: ‚ÄúNO Controlled Trials Demonstrating A Decrease In Influenza‚Äù By Mike... http://t.co/wPHK4nAemU",0,"Wed Jan 28 21:03:44 +0000 2015","iowa","United States"
"178",2754,-1.5,465782542,545,1999,"Flu shot hoax admitted: ‚ÄúNo controlled trials demonstrating a decrease in influenza‚Äù https://t.co/lXNVbKSEl2",0,"Wed Jan 28 21:07:51 +0000 2015","iowa","United States"
"179",2765,-1.5,449077766,31364,31273,"Flu shot hoax admitted: ‚ÄúNo controlled trials demonstrating a decrease in influenza‚Äù http://t.co/XpaeEDJfmk",0,"Wed Jan 28 22:43:56 +0000 2015","new york","United States"
"180",2773,-1.5,14893297,4187,4594,"Flu shot hoax admitted: ""No controlled trials demonstrating a decrease in influenza""  http://t.co/p4ZdFJq8RY #nws #health #medicine #USA #p2",0,"Wed Jan 28 23:50:17 +0000 2015","","United States"
"181",2774,-1.5,389587061,94,1929,"Flu shot hoax admitted: ""No controlled trials demonstrating a decrease in influenza"" -  http://t.co/FVJEMyaquG via @HealthRanger",0,"Wed Jan 28 23:53:23 +0000 2015","texas","United States"
"182",1598,-1.33333333333333,543899655,444,608,"I litterly just got the flu shot yesterday and I'm already feeling like crap  üò¨üò•üò®üò∑",0,"Wed Jan 28 17:01:06 +0000 2015","oklahoma","United States"
"183",163,-1.25,27179031,1226,470,"Meds wearing off.... Ughhhh the flu sucks anddddd the flu shot was a joke this year!!üòíüò°üò°üò†üò†",0,"Wed Jan 28 01:12:17 +0000 2015","texas","united states"
"184",2420,-1.25,38562052,1178,567,"@ThisNiggaErrol RT @LiLNFeisty 5 yr old girl dies after getting flu shot. umm I wont be getting the flu shot I dont care what my doctor says",0,"Wed Jan 28 22:32:03 +0000 2015","maryland","United States"
"185",2581,-1.25,334965973,473,988,"Flu shot girl: confused on her feelings about flu shots
http://t.co/AHAffJ7LMY
#iFunny",0,"Wed Jan 28 23:31:27 +0000 2015","new jersey","United States"
"186",834,-1,2547100933,78,141,"Debating whether or not to get the flu shot while pregnant. The ingredients of even the preservative free version is scary.",0,"Wed Jan 28 05:13:20 +0000 2015","california","United States"
"187",1733,-1,54260056,441,471,"Its flu season &amp; we should all have taken the flu shot but are you also taking care of your stress level to keep you‚Ä¶https://t.co/DyxmgfP6ES",0,"Wed Jan 28 17:43:48 +0000 2015","illinois","United States"
"188",1777,-1,500069464,642,429,"Season‚Äôs first reportable flu-related death in Santa Clara County.  Stay healthy: Get your flu shot, and get more... http://t.co/a959yFpxzd",0,"Wed Jan 28 18:01:40 +0000 2015","california","United States"
"189",1879,-1,133430077,8359,1173,"A flu shot can protect a #pregnant woman and her baby. @CDCFlu says get a flu shot in any trimester!",0,"Wed Jan 28 18:45:24 +0000 2015","","United States"
"190",1895,-1,537461208,418,587,"A flu shot can protect a #pregnant woman and her baby. @CDCFlu says get a flu shot in any trimester!",0,"Wed Jan 28 18:53:27 +0000 2015","kentucky","United States"
"191",1929,-1,30667397,9326,9211,"I got over the Flu Few Days Ago-: Lost Of Rest/Water/Cough Surup/Fever Tablets/Hot Drinks.No Drs Or No Shots.",0,"Wed Jan 28 19:04:37 +0000 2015","tennessee","United States"
"192",1943,-1,15656710,5302,1940,"While I don't mind getting the flu, I'm getting my flu shot in the future for herd immunity.",0,"Wed Jan 28 19:09:42 +0000 2015","minnesota","United States"
"193",2007,-1,297062444,48,139,"3 people I know have pneumonia (2 are smokers..coincidence?) and many have the flu. I'm curious if they've had flu shots.",0,"Wed Jan 28 19:45:25 +0000 2015","maine","United States"
"194",2352,-1,27818124,9934,1044,"@ShelaghBecerra my partner refuses flu shots- but compliant with every other adult immunization and health issues",0,"Wed Jan 28 22:07:21 +0000 2015","california","United States"
"195",2378,-1,7980272,480,355,"@deirdresm UGH. They say this year's flu shot isn't terribly effective. Sounds like you're learning that first hand. #webechillin",0,"Wed Jan 28 22:16:20 +0000 2015","texas","United States"
"196",2529,-1,20329110,634,525,"Got a flu shot for the first time in my adult life two weeks ago and now have the flu for the first time in my adult life. Cool.",0,"Wed Jan 28 23:11:20 +0000 2015","tennessee","United States"
"197",1381,-0.75,912598626,81945,68182,"Freedom Fighters of America: Flu shot hoax admitted: ""No controlled trials demo... http://t.co/881OiwG4zz",0,"Wed Jan 28 15:09:36 +0000 2015","","United States"
"198",2304,-0.75,14052959,716,684,"First, dude assumes that the LW didn't get a flu shot. Unrelated to question, and not a fair assumption, considering: http://t.co/yVkPufaDy0",0,"Wed Jan 28 21:47:12 +0000 2015","oregon","United States"
"199",79,-0.666666666666667,80857088,2159,5,"Why are so Many Healthy People Dying from the Flu After Receiving the Flu Shot? - See more at: http://t.co/X1ZkP4SiXU",0,"Wed Jan 28 00:30:26 +0000 2015","virginia","United States"
"200",634,-0.666666666666667,24475341,2519,1008,"@waltbiondi Hope you get well soon, yes the flu shot was ineffective this year.",0,"Wed Jan 28 04:02:34 +0000 2015","utah","United States"
"201",775,-0.666666666666667,556444084,220,414,"The one year I don't get my flu shot because apparently it wasn't very effective this year is the one time I get the flu.",0,"Wed Jan 28 04:46:06 +0000 2015","california","United States"
"202",850,-0.666666666666667,19678336,369,149,"I feel like y'all know this but just in case, let there be no doubt: I got a flu shot.",0,"Wed Jan 28 05:22:36 +0000 2015","utah","united states"
"203",1137,-0.666666666666667,16458959,1222,1746,"Dear Science,
I had one job: get my flu shot. You had one job: make a flu shot for all strains. I did my job. You did not. #fail #deathsdoor",0,"Wed Jan 28 10:25:34 +0000 2015","connecticut","United States"
"204",1306,-0.666666666666667,303909647,5103,3427,"Why are so Many Healthy People Dying from the Flu After Receiving the Flu Shot? http://t.co/RaTwexPPBq",0,"Wed Jan 28 14:32:06 +0000 2015","california","United States"
"205",203,-0.5,226338491,808,1961,"A flu shot has rendered me unable to lift my arms above my head to wash my hair so therefore not showering tonight is valid",0,"Wed Jan 28 01:29:40 +0000 2015","ohio","United States"
"206",579,-0.5,14952378,12297,422,"@scotthdc yeah. Definitely getting my flu shot next season",0,"Wed Jan 28 04:00:00 +0000 2015","california","United States"
"207",831,-0.5,15491015,1034,642,"Im def not an anti vaxxer, but i never get the flu shot lol. I also never get the flu. i get my shot for everything else tho!",0,"Wed Jan 28 05:10:30 +0000 2015","tennessee","United States"
"208",1334,-0.5,500409229,163,754,"I've never gotten a flu shot until this season &amp; I think it brought my immune system down.",0,"Wed Jan 28 14:50:07 +0000 2015","tennessee","United States"
"209",1359,-0.5,472619804,440,97,"Starting in 1 HR: FREE Flu Shots for Students
@ The University of South Alabama Student Health Center #BeJagHealthy http://t.co/dJWb36dQnp",0,"Wed Jan 28 15:01:17 +0000 2015","alabama","United States"
"210",1369,-0.5,81713371,213,226,"TODAY our North location will be offering free flu shots from 10-4, while supplies last! The offer is for ages 4... http://t.co/Ych3ckTyZV",0,"Wed Jan 28 15:05:03 +0000 2015","colorado","United States"
"211",1480,-0.5,976689936,208,422,"JUST A FEW MORE DAYS TO GET THE KIDDOS THERE FREE FLU SHOT! CONTACT QCR TODAY 402-934-0044 http://t.co/u9v8AYRdKT",0,"Wed Jan 28 16:13:08 +0000 2015","nebraska","United States"
"212",1593,-0.5,81713371,213,226,"Our North location is offering free flu shots NOW until 4:00pm, while supplies last! The offer is for ages 4... http://t.co/vkrWlKoCoE",0,"Wed Jan 28 17:00:02 +0000 2015","colorado","United States"
"213",2150,-0.5,380480085,229,411,"Come by BestYet for your FLU shot. $28 without insurance, but if you have Medicare, Tricare, or federal BCBS it's free!",0,"Wed Jan 28 20:41:58 +0000 2015","oklahoma","united states"
"214",1629,-0.333333333333333,8835722,579,522,"Dear local health clinic, I got my flu shot already. Stop calling me about it.",0,"Wed Jan 28 17:10:25 +0000 2015","connecticut","United States"
"215",926,-0.25,14354772,3353,873,"I don't care about the scientific validity of this statement: The flu shot makes you get sick.",0,"Wed Jan 28 06:20:23 +0000 2015","california","United States"
"216",245,0,439473806,194,243,"First year not getting a flu shot, and I just tested positive for Influenza A. I deserve this...",0,"Wed Jan 28 01:55:55 +0000 2015","nebraska","United States"
"217",293,0,111042628,558,1425,"CNN: CDC: Flu shot less effective this year because current virus has mutated http://t.co/jWnCgFbOdE",0,"Wed Jan 28 02:12:22 +0000 2015","florida","United States"
"218",948,0,438031020,7,30,"After Justin flu shot üëÄüíâüíâ he got a reward üòáüòÅ @ Children's Hospital Los Angeles http://t.co/pqqvexfokp",0,"Wed Jan 28 06:33:42 +0000 2015","","United States"
"219",1479,0,63771434,5,4,"So proud I got the flu shot in October. Is there a cold shot? 'Cause that's what I need right now.",0,"Wed Jan 28 16:12:52 +0000 2015","california","United States"
"220",1882,0,15010977,23872,117,"Dear ""Flu Shot"" you are a LIE! (At least this year) I sound like Bea Arthur imitating Barry White #QuadrivalentMyAss.",0,"Wed Jan 28 18:45:58 +0000 2015","new york","United States"
"221",2179,0,21008103,38,99,"@andrewbogut hope you get better soon and next time get a flu shot!! üíâ #dubs #LetsGoWarriors",0,"Wed Jan 28 20:54:28 +0000 2015","california","United States"
"222",2457,0,15385754,1491,457,"@ravinasniper Im mostly talking about children and the core vaccines for things like measles. I could care less about flu shots and what not",0,"Wed Jan 28 22:41:58 +0000 2015","california","United States"
"223",2512,0,248386792,5466,329,"@CDCFlu what ingredients are in this years flu shot? Ever since I have gotten it I have had some side effects.",0,"Wed Jan 28 23:06:08 +0000 2015","north carolina","United States"
"224",2667,0,439473806,194,243,"First year not getting a flu shot, and I just tested positive for Influenza A. I deserve this...",0,"Wed Jan 28 01:55:55 +0000 2015","nebraska","United States"
"225",288,0.25,2842396104,47,180,"@SCMP_News @work8765 The flu loves mass populations like HK, get a flu shot.",0,"Wed Jan 28 02:11:11 +0000 2015","south carolina","United States"
"226",8,0.333333333333333,25105436,12388,290,"#AskPOZ: I'm #HIV positive, so is it safe for me to get a flu shot? http://t.co/KdUz7z7niz",0,"Wed Jan 28 00:01:21 +0000 2015","new york","United States"
"227",10,0.333333333333333,1912995835,464,1031,"‚Äú@pozmagazine: #AskPOZ: I'm #HIV positive, so is it safe for me to get a flu shot? http://t.co/NQg2tZf73P‚Äù",0,"Wed Jan 28 00:02:18 +0000 2015","illinois","United States"
"228",1082,0.333333333333333,1418807532,1510,34,"Schertz health fair to offer free screenings and flu shots #SanAntonio http://t.co/r6Pep9AmCU",0,"Wed Jan 28 08:49:03 +0000 2015","","United States"
"229",1390,0.333333333333333,237134758,1869,1741,"I haven't gotten a flu shot &amp; I feel just fine üòÑ",0,"Wed Jan 28 15:13:13 +0000 2015","georgia","united states"
"230",2306,0.333333333333333,46011373,929,833,"February is peak #flu season! Eliza's flu shot outreach solution reminds and persuades people to get #vaccinated: http://t.co/u3A7QsxYeu",0,"Wed Jan 28 21:47:47 +0000 2015","massachusetts","United States"
"231",1332,0.5,29761437,1688,338,"‚Äú@_theDarius: I remember watching the actual report on that girl lol‚Äùfrom them flu shots",0,"Wed Jan 28 14:49:32 +0000 2015","mississippi","United States"
"232",1010,0.75,850092739,143,94,"Schertz health fair to offer free screenings and flu shots: The fair will offer vendors and specialists, Titte... http://t.co/EE92snAb0c",0,"Wed Jan 28 07:26:21 +0000 2015","missouri","United States"
"233",641,1,228547069,35,122,"@LisaVanderpump  you are too fabulous not to get a flu shot!",0,"Wed Jan 28 04:03:13 +0000 2015","florida","United States"
"234",2168,1,90242191,769,878,"@Spenno_77 are flu shots tequila? Perfect.",0,"Wed Jan 28 20:49:24 +0000 2015","utah","United States"
